{
    "estimates":  {
                      "sens":  0.8026316,
                      "spec":  0.81,
                      "dor":  17.33684
                  },
    "project_id":  "dta70-4b170dbc"
}
